Workbook

Sheet 01_Dashboard
B2: DASHBOARD | E2: CONFIG | H2: SHOPIFY | K2: WMS | N2: 3PL | Q2: CALC
B5: MULTI-NODE INVENTORY RECONCILIATION | LOSS ANALYSIS DASHBOARD
B7: KEY PERFORMANCE INDICATORS
B9: TOTAL RECONCILED SKUs | G9: TOTAL INVENTORY VARIANCE | L9: TOTAL FINANCIAL EXPOSURE | Q9: SYSTEM ACCURACY RATE
B10: =COUNTA('06_Calc_Engine'!B9:B1001) -> 12 | G10: =SUMPRODUCT((ISNUMBER('06_Calc_Engine'!H9:H1001))*ABS('06_Calc_Engine'!H9:H1001))+SUMPRODUCT((ISNUMBER('06_Calc_Engine'!I9:I1001))*ABS('06_Calc_Engine'!I9:I1001)) -> 49 | L10: =SUM('06_Calc_Engine'!L9:L1001) -> 3474 | Q10: =IFERROR(1-SUMPRODUCT((ISNUMBER('06_Calc_Engine'!H9:H1001))*ABS('06_Calc_Engine'!H9:H1001))/SUM('06_Calc_Engine'!E9:E1001),0) -> 0.97866667
B11: Active SKUs under analysis | G11: Total unit discrepancies — all nodes | L11: Aggregate shrinkage cost (USD) | Q11: WMS vs. Shopify match rate
B13: FINANCIAL LOSS ANALYSIS
B15: ▣ CHART A — TOP 10 SKUs BY FINANCIAL LOSS [ Horizontal Bar Chart ] | L15: ▣ CHART B — LOSS DISTRIBUTION BY NODE [ Donut Chart, hole 65% ]
B16: Source : tbl_Calc (06_Calc_Engine) | L16: Data points : 2 (WMS Loss total | 3PL Loss total)
B17: Fields : Master_SKU (axis) | Total_Loss (value, $) | L17: WMS source : =SUM('06_Calc_Engine'!J9:J18) → fill #051C2C
B18: Chart type : Horizontal Clustered Bar | L18: 3PL source : =SUM('06_Calc_Engine'!K9:K18) → fill #2251FF
B19: Filter : Top 10 by Total_Loss DESC | L19: Center label : Text box overlay — total exposure ($)
B20: Series fill : #2251FF (Brand Blue) | Data labels ON | L20: Legend : Right-aligned | Calibri 10pt | #888888
B21: Title cell : ="Top 10 Loss Items — "&TEXT(TODAY(),"MMM YYYY")
L22: MANUAL STEPS:
B23: MANUAL STEPS: | L23: 1. Insert > Pie/Donut > Donut chart
B24: 1. Insert > PivotChart — source: tbl_Calc | L24: 2. Select data: two summary cells (WMS sum, 3PL sum)
B25: 2. Rows = Master_SKU | Values = Sum of Total_Loss | L25: 3. Format Data Series → Donut hole size = 65%
B26: 3. Value filter: Top 10 by Total_Loss | L26: 4. Override series colors to #051C2C / #2251FF
B27: 4. Change to Horizontal Bar | Format → series fill #2251FF | L27: 5. Insert text box at center: =SUM(tbl_Calc[Total_Loss])
B28: 5. Delete chart border & gridlines | Add data labels (outside end) | L28: 6. Delete chart border | Set chart bg = transparent
B29: 6. Link title to a cell with the formula above
B34: CRITICAL ACTION GRID — SLA BREACH ITEMS
B36: ▣ SLICERS | Product_Category × Location_ID — Connect to Breach Grid
B37: Slicer 1 : Product_Category (source: tbl_Config[Product_Category])
B38: Slicer 2 : Location_ID (source: tbl_WMS[Location_ID])
B39: MANUAL : PivotTable Analyze tab > Insert Slicer
B40: Report Connections: link both slicers to the breach pivot
B41: Override slicer header fill to #051C2C after inserting
B43: ▣ SLA ACTION GRID — Dynamic Breach Table [ Excel 365 FILTER or PivotTable ]
B44: Source : '06_Calc_Engine' rows 9:18 (expand range as SKUs grow)
B45: Columns : Master_SKU | Shopify_OnHand | Var_WMS | Var_3PL | Total_Loss | Disc_Pct | SLA_Status
B46: Filter : SLA_Status IN ('SLA Breach', 'Threshold Breach')
... B59: Sort: Total_Loss DESC | Apply Red conditional formatting to breach rows

Sheet 02_Config_Master
B2: DASHBOARD | E2: CONFIG | H2: SHOPIFY | K2: WMS | N2: 3PL | Q2: CALC
B5: CONFIG MASTER — SKU Registry, Cost Basis & SLA Governance
B6: SKU must exactly match Shopify, WMS, and 3PL codes. Unit_Cost = Landed Cost (COGS). Table auto-expands on new row append.
B8: SKU | C8: Product_Name | D8: Product_Category | E8: Unit_Cost | F8: SLA_Qty_Limit | G8: SLA_Pct_Limit | I8: SETUP GUIDE
B9: TSHIRT-001 | C9: Classic Cotton T-Shirt | D9: Apparel | E9: 15 | F9: 10 | G9: 0.03 | I9: ① SKU must exactly match codes in Shopify, WMS, and 3PL exports.
B10: PANTS-002 | C10: Slim Fit Chinos | D10: Apparel | E10: 35 | F10: 5 | G10: 0.03 | I10: ② Spaces and case differences are auto-corrected by CALC Engine.
B11: JACKET-003 | C11: Winter Parka | D11: Apparel | E11: 89 | F11: 4 | G11: 0.05 | I11: ③ Unit_Cost = Landed Cost per unit (COGS). Used for loss valuation.
B12: WATCH-004 | C12: Minimalist Watch | D12: Accessories | E12: 125 | F12: 3 | G12: 0.02 | I12: ④ SLA_Qty_Limit = max unit variance before Threshold Breach fires.
B13: BAG-005 | C13: Canvas Tote Bag | D13: Accessories | E13: 22 | F13: 8 | G13: 0.02 | I13: ⑤ SLA_Pct_Limit = max % discrepancy before SLA Breach fires.
B14: SHOE-006 | C14: Running Sneakers | D14: Footwear | E14: 65 | F14: 5 | G14: 0.03 | I14: ⚠ Do NOT delete or reorder header row (row 8).
B15: HAT-007 | C15: Baseball Cap | D15: Accessories | E15: 12 | F15: 15 | G15: 0.02 | I15: ⑥ New SKUs: append below last row. Table expands automatically.
B16: BELT-008 | C16: Leather Belt | D16: Accessories | E16: 28 | F16: 8 | G16: 0.02
B17: PHONE-009 | C17: Protective Phone Case | D17: Electronics | E17: 18 | F17: 12 | G17: 0.015
B18: HEADPHONE-010 | C18: Wireless Headphones | D18: Electronics | E18: 75 | F18: 3 | G18: 0.03

Sheet 03_Import_Shopify
B2: DASHBOARD | E2: CONFIG | H2: SHOPIFY | K2: WMS | N2: 3PL | Q2: CALC
B5: IMPORT: SHOPIFY — eCommerce Inventory Export
B6: Paste raw Shopify inventory CSV here (Paste Special → Values Only). Do not modify column order. Supports up to 5,000 rows.
B8: SKU | C8: Title | D8: Available_Qty | E8: On_Hand_Qty
B9: TSHIRT-001 | C9: Classic Cotton T-Shirt | D9: 145 | E9: 200
B10: PANTS-002 | C10: Slim Fit Chinos | D10: 72 | E10: 95
B11: JACKET-003 | C11: Winter Parka | D11: 38 | E11: 50
B12: WATCH-004 | C12: Minimalist Watch | D12: 25 | E12: 30
B13: BAG-005 | C13: Canvas Tote Bag | D13: 180 | E13: 210
B14: SHOE-006 | C14: Running Sneakers | D14: 88 | E14: 110
B15: HAT-007 | C15: Baseball Cap | D15: 320 | E15: 350
B16: BELT-008 | C16: Leather Belt | D16: 95 | E16: 120
B17: PHONE-009 | C17: Protective Phone Case | D17: 250 | E17: 280
B18: HEADPHONE-010 | C18: Wireless Headphones | D18: 42 | E18: 55
B20: ▲ Paste additional rows above this line. Table expands automatically. Max 5,000 rows.

Sheet 04_Import_WMS
B2: DASHBOARD | E2: CONFIG | H2: SHOPIFY | K2: WMS | N2: 3PL | Q2: CALC
B5: IMPORT: WMS — Warehouse Management System Physical Stock
B6: Paste raw WMS / store-level physical count export here (Paste Values Only). WMS_Physical_Qty is used for variance calculation. Allocated units are excluded.
B8: SKU | C8: Location_ID | D8: WMS_Physical_Qty | E8: WMS_Allocated_Qty
B9: TSHIRT-001 | C9: BIN-A1 | D9: 195 | E9: 55
B10: PANTS-002 | C10: BIN-B2 | D10: 88 | E10: 23
B11: JACKET-003 | C11: BIN-C1 | D11: 47 | E11: 12
B12: WATCH-004 | C12: SAFE-01 | D12: 30 | E12: 5
B13: BAG-005 | C13: BIN-D3 | D13: 208 | E13: 30
B14: SHOE-006 | C14: BIN-E1 | D14: 110 | E14: 22
B15: HAT-007 | C15: BIN-F2 | D15: 345 | E15: 30
B16: BELT-008 | C16: BIN-G1 | D16: 115 | E16: 25
B17: PHONE-009 | C17: SHELF-01 | D17: 278 | E17: 30
B18: HEADPHONE-010 | C18: SAFE-02 | D18: 52 | E18: 13
B20: ▲ Paste additional rows above this line. Table expands automatically. Max 5,000 rows.

Sheet 05_Import_3PL
B2: DASHBOARD | E2: CONFIG | H2: SHOPIFY | K2: WMS | N2: 3PL | Q2: CALC
B5: IMPORT: 3PL — Third-Party Logistics Partner Inventory Report
B6: Paste raw 3PL partner inventory report here. Map partner SKU field to Item_Code. Total_Stock (not Available_Stock) is used for shrinkage analysis.
B8: Item_Code | C8: Total_Stock | D8: Damaged_Qty | E8: Available_Stock
B9: TSHIRT-001 | C9: 198 | D9: 5 | E9: 193
B10: PANTS-002 | C10: 93 | D10: 3 | E10: 90
B11: JACKET-003 | C11: 49 | D11: 2 | E11: 47
B12: WATCH-004 | C12: 30 | D12: 0 | E12: 30
B13: BAG-005 | C13: 209 | D13: 8 | E13: 201
B14: SHOE-006 | C14: 108 | D14: 5 | E14: 103
B15: HAT-007 | C15: 348 | D15: 10 | E15: 338
B16: BELT-008 | C16: 116 | D16: 3 | E16: 113
B17: PHONE-009 | C17: 279 | D17: 7 | E17: 272
B18: HEADPHONE-010 | C18: 53 | D18: 2 | E18: 51
B20: ▲ Paste additional rows above this line. Table expands automatically. Max 5,000 rows.

Sheet 06_Calc_Engine
B2: DASHBOARD | E2: CONFIG | H2: SHOPIFY | K2: WMS | N2: 3PL | Q2: CALC
B5: CALC ENGINE — SKU-Level Reconciliation & Financial Loss Processing
B6: ⚠ PROTECTED CALCULATION LAYER — Do NOT manually edit data in this sheet. All Dashboard metrics and SLA alerts derive from here.
B8: Master_SKU | C8: Clean_SKU | D8: Unit_Cost | E8: Shopify_OnHand | F8: WMS_Physical | G8: 3PL_Physical | H8: Var_Shopify_WMS | I8: Var_Shopify_3PL | J8: Loss_WMS | K8: Loss_3PL | L8: Total_Loss | M8: Disc_Pct | N8: SLA_Qty_Thresh | O8: SLA_Pct_Thresh | P8: SLA_Status
B9: ='02_Config_Master'!B9 -> TSHIRT-001 | C9: =UPPER(TRIM(B9)) -> TSHIRT-001 | D9: =_xlfn.XLOOKUP(C9,'02_Config_Master'!$B:$B,'02_Config_Master'!$E:$E,0) -> 15 | E9: {=_xlfn.XLOOKUP(C9,UPPER(TRIM('03_Import_Shopify'!$B$2:$B$5001)),'03_Import_Shopify'!$E$2:$E$5001,0)} -> 200 | F9: {=_xlfn.XLOOKUP(C9,UPPER(TRIM('04_Import_WMS'!$B$2:$B$5001)),'04_Import_WMS'!$D$2:$D$5001,0)} -> 195 | G9: {=_xlfn.XLOOKUP(C9,UPPER(TRIM('05_Import_3PL'!$B$2:$B$5001)),'05_Import_3PL'!$C$2:$C$5001,0)} -> 198 | H9: =E9-F9 -> 5 | I9: =E9-G9 -> 2 | J9: =IF(H9>0,H9*D9,0) -> 75 | K9: =IF(I9>0,I9*D9,0) -> 30 | L9: =J9+K9 -> 105 | M9: =IFERROR(MAX(ABS(H9),ABS(I9))/E9,0) -> 0.025 | N9: =_xlfn.XLOOKUP(C9,'02_Config_Master'!$B:$B,'02_Config_Master'!$F:$F,0) -> 10 | O9: =_xlfn.XLOOKUP(C9,'02_Config_Master'!$B:$B,'02_Config_Master'!$G:$G,0) -> 0.03 | P9: {=_xlfn.IFS(M9>O9,"SLA Breach",MAX(ABS(H9),ABS(I9))>N9,"Threshold Breach",H9=0,"Balanced",TRUE(),"Acceptable Variance")} -> Acceptable Variance
B10: ='02_Config_Master'!B10 -> PANTS-002 | C10: =UPPER(TRIM(B10)) -> PANTS-002 | D10: =_xlfn.XLOOKUP(C10,'02_Config_Master'!$B:$B,'02_Config_Master'!$E:$E,0) -> 35 | E10: {=_xlfn.XLOOKUP(C10,UPPER(TRIM('03_Import_Shopify'!$B$2:$B$5001)),'03_Import_Shopify'!$E$2:$E$5001,0)} -> 95 | F10: {=_xlfn.XLOOKUP(C10,UPPER(TRIM('04_Import_WMS'!$B$2:$B$5001)),'04_Import_WMS'!$D$2:$D$5001,0)} -> 88 | G10: {=_xlfn.XLOOKUP(C10,UPPER(TRIM('05_Import_3PL'!$B$2:$B$5001)),'05_Import_3PL'!$C$2:$C$5001,0)} -> 93 | H10: =E10-F10 -> 7 | I10: =E10-G10 -> 2 | J10: =IF(H10>0,H10*D10,0) -> 245 | K10: =IF(I10>0,I10*D10,0) -> 70 | L10: =J10+K10 -> 315 | M10: =IFERROR(MAX(ABS(H10),ABS(I10))/E10,0) -> 0.073684211 | N10: =_xlfn.XLOOKUP(C10,'02_Config_Master'!$B:$B,'02_Config_Master'!$F:$F,0) -> 5 | O10: =_xlfn.XLOOKUP(C10,'02_Config_Master'!$B:$B,'02_Config_Master'!$G:$G,0) -> 0.03 | P10: {=_xlfn.IFS(M10>O10,"SLA Breach",MAX(ABS(H10),ABS(I10))>N10,"Threshold Breach",H10=0,"Balanced",TRUE(),"Acceptable Variance")} -> SLA Breach
B11: ='02_Config_Master'!B11 -> JACKET-003 | C11: =UPPER(TRIM(B11)) -> JACKET-003 | D11: =_xlfn.XLOOKUP(C11,'02_Config_Master'!$B:$B,'02_Config_Master'!$E:$E,0) -> 89 | E11: {=_xlfn.XLOOKUP(C11,UPPER(TRIM('03_Import_Shopify'!$B$2:$B$5001)),'03_Import_Shopify'!$E$2:$E$5001,0)} -> 50 | F11: {=_xlfn.XLOOKUP(C11,UPPER(TRIM('04_Import_WMS'!$B$2:$B$5001)),'04_Import_WMS'!$D$2:$D$5001,0)} -> 47 | G11: {=_xlfn.XLOOKUP(C11,UPPER(TRIM('05_Import_3PL'!$B$2:$B$5001)),'05_Import_3PL'!$C$2:$C$5001,0)} -> 49 | H11: =E11-F11 -> 3 | I11: =E11-G11 -> 1 | J11: =IF(H11>0,H11*D11,0) -> 267 | K11: =IF(I11>0,I11*D11,0) -> 89 | L11: =J11+K11 -> 356 | M11: =IFERROR(MAX(ABS(H11),ABS(I11))/E11,0) -> 0.06 | N11: =_xlfn.XLOOKUP(C11,'02_Config_Master'!$B:$B,'02_Config_Master'!$F:$F,0) -> 4 | O11: =_xlfn.XLOOKUP(C11,'02_Config_Master'!$B:$B,'02_Config_Master'!$G:$G,0) -> 0.05 | P11: {=_xlfn.IFS(M11>O11,"SLA Breach",MAX(ABS(H11),ABS(I11))>N11,"Threshold Breach",H11=0,"Balanced",TRUE(),"Acceptable Variance")} -> SLA Breach
B12: ='02_Config_Master'!B12 -> WATCH-004 | C12: =UPPER(TRIM(B12)) -> WATCH-004 | D12: =_xlfn.XLOOKUP(C12,'02_Config_Master'!$B:$B,'02_Config_Master'!$E:$E,0) -> 125 | E12: {=_xlfn.XLOOKUP(C12,UPPER(TRIM('03_Import_Shopify'!$B$2:$B$5001)),'03_Import_Shopify'!$E$2:$E$5001,0)} -> 30 | F12: {=_xlfn.XLOOKUP(C12,UPPER(TRIM('04_Import_WMS'!$B$2:$B$5001)),'04_Import_WMS'!$D$2:$D$5001,0)} -> 30 | G12: {=_xlfn.XLOOKUP(C12,UPPER(TRIM('05_Import_3PL'!$B$2:$B$5001)),'05_Import_3PL'!$C$2:$C$5001,0)} -> 30 | H12: =E12-F12 -> 0 | I12: =E12-G12 -> 0 | J12: =IF(H12>0,H12*D12,0) -> 0 | K12: =IF(I12>0,I12*D12,0) -> 0 | L12: =J12+K12 -> 0 | M12: =IFERROR(MAX(ABS(H12),ABS(I12))/E12,0) -> 0 | N12: =_xlfn.XLOOKUP(C12,'02_Config_Master'!$B:$B,'02_Config_Master'!$F:$F,0) -> 3 | O12: =_xlfn.XLOOKUP(C12,'02_Config_Master'!$B:$B,'02_Config_Master'!$G:$G,0) -> 0.02 | P12: {=_xlfn.IFS(M12>O12,"SLA Breach",MAX(ABS(H12),ABS(I12))>N12,"Threshold Breach",H12=0,"Balanced",TRUE(),"Acceptable Variance")} -> Balanced
B13: ='02_Config_Master'!B13 -> BAG-005 | C13: =UPPER(TRIM(B13)) -> BAG-005 | D13: =_xlfn.XLOOKUP(C13,'02_Config_Master'!$B:$B,'02_Config_Master'!$E:$E,0) -> 22 | E13: {=_xlfn.XLOOKUP(C13,UPPER(TRIM('03_Import_Shopify'!$B$2:$B$5001)),'03_Import_Shopify'!$E$2:$E$5001,0)} -> 210 | F13: {=_xlfn.XLOOKUP(C13,UPPER(TRIM('04_Import_WMS'!$B$2:$B$5001)),'04_Import_WMS'!$D$2:$D$5001,0)} -> 208 | G13: {=_xlfn.XLOOKUP(C13,UPPER(TRIM('05_Import_3PL'!$B$2:$B$5001)),'05_Import_3PL'!$C$2:$C$5001,0)} -> 209 | H13: =E13-F13 -> 2 | I13: =E13-G13 -> 1 | J13: =IF(H13>0,H13*D13,0) -> 44 | K13: =IF(I13>0,I13*D13,0) -> 22 | L13: =J13+K13 -> 66 | M13: =IFERROR(MAX(ABS(H13),ABS(I13))/E13,0) -> 0.0095238095 | N13: =_xlfn.XLOOKUP(C13,'02_Config_Master'!$B:$B,'02_Config_Master'!$F:$F,0) -> 8 | O13: =_xlfn.XLOOKUP(C13,'02_Config_Master'!$B:$B,'02_Config_Master'!$G:$G,0) -> 0.02 | P13: {=_xlfn.IFS(M13>O13,"SLA Breach",MAX(ABS(H13),ABS(I13))>N13,"Threshold Breach",H13=0,"Balanced",TRUE(),"Acceptable Variance")} -> Acceptable Variance
B14: ='02_Config_Master'!B14 -> SHOE-006 | C14: =UPPER(TRIM(B14)) -> SHOE-006 | D14: =_xlfn.XLOOKUP(C14,'02_Config_Master'!$B:$B,'02_Config_Master'!$E:$E,0) -> 65 | E14: {=_xlfn.XLOOKUP(C14,UPPER(TRIM('03_Import_Shopify'!$B$2:$B$5001)),'03_Import_Shopify'!$E$2:$E$5001,0)} -> 110 | F14: {=_xlfn.XLOOKUP(C14,UPPER(TRIM('04_Import_WMS'!$B$2:$B$5001)),'04_Import_WMS'!$D$2:$D$5001,0)} -> 110 | G14: {=_xlfn.XLOOKUP(C14,UPPER(TRIM('05_Import_3PL'!$B$2:$B$5001)),'05_Import_3PL'!$C$2:$C$5001,0)} -> 108 | H14: =E14-F14 -> 0 | I14: =E14-G14 -> 2 | J14: =IF(H14>0,H14*D14,0) -> 0 | K14: =IF(I14>0,I14*D14,0) -> 130 | L14: =J14+K14 -> 130 | M14: =IFERROR(MAX(ABS(H14),ABS(I14))/E14,0) -> 0.018181818 | N14: =_xlfn.XLOOKUP(C14,'02_Config_Master'!$B:$B,'02_Config_Master'!$F:$F,0) -> 5 | O14: =_xlfn.XLOOKUP(C14,'02_Config_Master'!$B:$B,'02_Config_Master'!$G:$G,0) -> 0.03 | P14: {=_xlfn.IFS(M14>O14,"SLA Breach",MAX(ABS(H14),ABS(I14))>N14,"Threshold Breach",H14=0,"Balanced",TRUE(),"Acceptable Variance")} -> Balanced
B15: ='02_Config_Master'!B15 -> HAT-007 | C15: =UPPER(TRIM(B15)) -> HAT-007 | D15: =_xlfn.XLOOKUP(C15,'02_Config_Master'!$B:$B,'02_Config_Master'!$E:$E,0) -> 12 | E15: {=_xlfn.XLOOKUP(C15,UPPER(TRIM('03_Import_Shopify'!$B$2:$B$5001)),'03_Import_Shopify'!$E$2:$E$5001,0)} -> 350 | F15: {=_xlfn.XLOOKUP(C15,UPPER(TRIM('04_Import_WMS'!$B$2:$B$5001)),'04_Import_WMS'!$D$2:$D$5001,0)} -> 345 | G15: {=_xlfn.XLOOKUP(C15,UPPER(TRIM('05_Import_3PL'!$B$2:$B$5001)),'05_Import_3PL'!$C$2:$C$5001,0)} -> 348 | H15: =E15-F15 -> 5 | I15: =E15-G15 -> 2 | J15: =IF(H15>0,H15*D15,0) -> 60 | K15: =IF(I15>0,I15*D15,0) -> 24 | L15: =J15+K15 -> 84 | M15: =IFERROR(MAX(ABS(H15),ABS(I15))/E15,0) -> 0.014285714 | N15: =_xlfn.XLOOKUP(C15,'02_Config_Master'!$B:$B,'02_Config_Master'!$F:$F,0) -> 15 | O15: =_xlfn.XLOOKUP(C15,'02_Config_Master'!$B:$B,'02_Config_Master'!$G:$G,0) -> 0.02 | P15: {=_xlfn.IFS(M15>O15,"SLA Breach",MAX(ABS(H15),ABS(I15))>N15,"Threshold Breach",H15=0,"Balanced",TRUE(),"Acceptable Variance")} -> Acceptable Variance
B16: ='02_Config_Master'!B16 -> BELT-008 | C16: =UPPER(TRIM(B16)) -> BELT-008 | D16: =_xlfn.XLOOKUP(C16,'02_Config_Master'!$B:$B,'02_Config_Master'!$E:$E,0) -> 28 | E16: {=_xlfn.XLOOKUP(C16,UPPER(TRIM('03_Import_Shopify'!$B$2:$B$5001)),'03_Import_Shopify'!$E$2:$E$5001,0)} -> 120 | F16: {=_xlfn.XLOOKUP(C16,UPPER(TRIM('04_Import_WMS'!$B$2:$B$5001)),'04_Import_WMS'!$D$2:$D$5001,0)} -> 115 | G16: {=_xlfn.XLOOKUP(C16,UPPER(TRIM('05_Import_3PL'!$B$2:$B$5001)),'05_Import_3PL'!$C$2:$C$5001,0)} -> 116 | H16: =E16-F16 -> 5 | I16: =E16-G16 -> 4 | J16: =IF(H16>0,H16*D16,0) -> 140 | K16: =IF(I16>0,I16*D16,0) -> 112 | L16: =J16+K16 -> 252 | M16: =IFERROR(MAX(ABS(H16),ABS(I16))/E16,0) -> 0.041666667 | N16: =_xlfn.XLOOKUP(C16,'02_Config_Master'!$B:$B,'02_Config_Master'!$F:$F,0) -> 8 | O16: =_xlfn.XLOOKUP(C16,'02_Config_Master'!$B:$B,'02_Config_Master'!$G:$G,0) -> 0.02 | P16: {=_xlfn.IFS(M16>O16,"SLA Breach",MAX(ABS(H16),ABS(I16))>N16,"Threshold Breach",H16=0,"Balanced",TRUE(),"Acceptable Variance")} -> SLA Breach
B17: ='02_Config_Master'!B17 -> PHONE-009 | C17: =UPPER(TRIM(B17)) -> PHONE-009 | D17: =_xlfn.XLOOKUP(C17,'02_Config_Master'!$B:$B,'02_Config_Master'!$E:$E,0) -> 18 | E17: {=_xlfn.XLOOKUP(C17,UPPER(TRIM('03_Import_Shopify'!$B$2:$B$5001)),'03_Import_Shopify'!$E$2:$E$5001,0)} -> 280 | F17: {=_xlfn.XLOOKUP(C17,UPPER(TRIM('04_Import_WMS'!$B$2:$B$5001)),'04_Import_WMS'!$D$2:$D$5001,0)} -> 278 | G17: {=_xlfn.XLOOKUP(C17,UPPER(TRIM('05_Import_3PL'!$B$2:$B$5001)),'05_Import_3PL'!$C$2:$C$5001,0)} -> 279 | H17: =E17-F17 -> 2 | I17: =E17-G17 -> 1 | J17: =IF(H17>0,H17*D17,0) -> 36 | K17: =IF(I17>0,I17*D17,0) -> 18 | L17: =J17+K17 -> 54 | M17: =IFERROR(MAX(ABS(H17),ABS(I17))/E17,0) -> 0.0071428571 | N17: =_xlfn.XLOOKUP(C17,'02_Config_Master'!$B:$B,'02_Config_Master'!$F:$F,0) -> 12 | O17: =_xlfn.XLOOKUP(C17,'02_Config_Master'!$B:$B,'02_Config_Master'!$G:$G,0) -> 0.015 | P17: {=_xlfn.IFS(M17>O17,"SLA Breach",MAX(ABS(H17),ABS(I17))>N17,"Threshold Breach",H17=0,"Balanced",TRUE(),"Acceptable Variance")} -> Acceptable Variance
B18: ='02_Config_Master'!B18 -> HEADPHONE-010 | C18: =UPPER(TRIM(B18)) -> HEADPHONE-010 | D18: =_xlfn.XLOOKUP(C18,'02_Config_Master'!$B:$B,'02_Config_Master'!$E:$E,0) -> 75 | E18: {=_xlfn.XLOOKUP(C18,UPPER(TRIM('03_Import_Shopify'!$B$2:$B$5001)),'03_Import_Shopify'!$E$2:$E$5001,0)} -> 55 | F18: {=_xlfn.XLOOKUP(C18,UPPER(TRIM('04_Import_WMS'!$B$2:$B$5001)),'04_Import_WMS'!$D$2:$D$5001,0)} -> 52 | G18: {=_xlfn.XLOOKUP(C18,UPPER(TRIM('05_Import_3PL'!$B$2:$B$5001)),'05_Import_3PL'!$C$2:$C$5001,0)} -> 53 | H18: =E18-F18 -> 3 | I18: =E18-G18 -> 2 | J18: =IF(H18>0,H18*D18,0) -> 225 | K18: =IF(I18>0,I18*D18,0) -> 150 | L18: =J18+K18 -> 375 | M18: =IFERROR(MAX(ABS(H18),ABS(I18))/E18,0) -> 0.054545455 | N18: =_xlfn.XLOOKUP(C18,'02_Config_Master'!$B:$B,'02_Config_Master'!$F:$F,0) -> 3 | O18: =_xlfn.XLOOKUP(C18,'02_Config_Master'!$B:$B,'02_Config_Master'!$G:$G,0) -> 0.03 | P18: {=_xlfn.IFS(M18>O18,"SLA Breach",MAX(ABS(H18),ABS(I18))>N18,"Threshold Breach",H18=0,"Balanced",TRUE(),"Acceptable Variance")} -> SLA Breach
B20: TOTALS | J20: =SUM(J9:J18) -> 1092 | K20: =SUM(K9:K18) -> 645 | L20: =SUM(L9:L18) -> 1737
B22: FORMULA KEY: Var = Shopify_OnHand − WMS/3PL | Loss = IF(Var>0, Var×Unit_Cost, 0) | Disc_Pct = MAX(|Var_WMS|, |Var_3PL|) ÷ Shopify_OnHand | SLA Breach fires when Disc_Pct > SLA_Pct_Thresh
